Protocollo;Gruppo;DataOraIncidente;Localizzazione1;STRADA1;Localizzazione2;STRADA2;Strada02;Chilometrica;DaSpecificare;NaturaIncidente;particolaritastrade;TipoStrada;FondoStradale;Pavimentazione;Segnaletica;CondizioneAtmosferica;Traffico;Visibilita;Illuminazione;NUM_FERITI;NUM_RISERVATA;NUM_MORTI;NUM_ILLESI;Longitudine;Latitudine;Confermato;Progressivo;TipoVeicolo;StatoVeicolo;TipoPersona;Sesso;Tipolesione;Deceduto;DecedutoDopo;CinturaCascoUtilizzato;Airbag
1926141;6;31/10/2012 11:50;Provinciale entro l'abitato;VIA PRENESTINA;in prossimità;;del civico n. ;186;;Tamponamento;Rettilineo;Due carreggiate;Bagnato (pioggia);Asfaltata;Orizzontale;Pioggia in atto;Normale;Buona;Ore Diurne;12;0;0;2;;;-1;2;Vettura tranviaria;In marcia / fermata / arresto;Passeggero;F;Rimandato;0;NON DECEDUTO;Esente;Inesistente
1926141;6;31/10/2012 11:50;Provinciale entro l'abitato;VIA PRENESTINA;in prossimità;;del civico n. ;186;;Tamponamento;Rettilineo;Due carreggiate;Bagnato (pioggia);Asfaltata;Orizzontale;Pioggia in atto;Normale;Buona;Ore Diurne;12;0;0;2;;;-1;2;Vettura tranviaria;In marcia / fermata / arresto;Passeggero;F;Rimandato;0;NON DECEDUTO;Esente;Inesistente
1926141;6;31/10/2012 11:50;Provinciale entro l'abitato;VIA PRENESTINA;in prossimità;;del civico n. ;186;;Tamponamento;Rettilineo;Due carreggiate;Bagnato (pioggia);Asfaltata;Orizzontale;Pioggia in atto;Normale;Buona;Ore Diurne;12;0;0;2;;;-1;2;Vettura tranviaria;In marcia / fermata / arresto;Passeggero;F;Rimandato;0;NON DECEDUTO;Esente;Inesistente
1926141;6;31/10/2012 11:50;Provinciale entro l'abitato;VIA PRENESTINA;in prossimità;;del civico n. ;186;;Tamponamento;Rettilineo;Due carreggiate;Bagnato (pioggia);Asfaltata;Orizzontale;Pioggia in atto;Normale;Buona;Ore Diurne;12;0;0;2;;;-1;2;Vettura tranviaria;In marcia / fermata / arresto;Passeggero;F;Rimandato;0;NON DECEDUTO;Esente;Inesistente
1926146;4;29/10/2012 09:00;Strada Urbana;VIA ETTORE ROMAGNOLI;in prossimità;;del civico n. ;30;;Veicolo in marcia contro veicolo fermo;Rettilineo;Due carreggiate;Bagnato (umidità in atto);Asfaltata;Verticale ed orizzontale;Nuvoloso;Normale;Buona;Ore Diurne;1;0;0;0;;;-1;1;Quadriciclo leggero;In marcia / fermata / arresto;Conducente;M;Rimandato;0;NON DECEDUTO;Non accertato;Inesistente
1926159;4;29/10/2012 16:40;Strada Urbana;VIA DEI PRATI FISCALI;in corrispondenza;;del civico n. ;237;;Scontro laterale fra veicoli in marcia;Curva a visuale libera;Due carreggiate;Asciutto;Asfaltata;Verticale ed orizzontale;Sereno;Normale;Buona;Ore Diurne;0;0;0;2;;;-1;1;Autoveicolo trasp.promisc.;In marcia / fermata / arresto;Conducente;M;Illeso;0;;Non accertato;Inesistente
1926159;4;29/10/2012 16:40;Strada Urbana;VIA DEI PRATI FISCALI;in corrispondenza;;del civico n. ;237;;Scontro laterale fra veicoli in marcia;Curva a visuale libera;Due carreggiate;Asciutto;Asfaltata;Verticale ed orizzontale;Sereno;Normale;Buona;Ore Diurne;0;0;0;2;;;-1;2;Autocarro inferiore 35 q.;In marcia / fermata / arresto;Conducente;M;Illeso;0;;Non accertato;Inesistente
1926166;4;29/10/2012 17:50;Strada Urbana;VIA ROSINA ANSELMI;da specificare;;;;in prossimita' Via Imer;Scontro laterale fra veicoli in marcia;Rettilineo;Una carreggiata a doppio senso;Asciutto;Asfaltata;Verticale;Sereno;Normale;Buona;Sufficiente;0;0;0;2;;;-1;1;Autovettura privata;In marcia / fermata / arresto;Conducente;F;Illeso;0;;Non accertato;Inesistente
1926166;4;29/10/2012 17:50;Strada Urbana;VIA ROSINA ANSELMI;da specificare;;;;in prossimita' Via Imer;Scontro laterale fra veicoli in marcia;Rettilineo;Una carreggiata a doppio senso;Asciutto;Asfaltata;Verticale;Sereno;Normale;Buona;Sufficiente;0;0;0;2;;;-1;2;Autovettura privata;In marcia / fermata / arresto;Conducente;M;Illeso;0;;Utilizzato;Inesistente
1926180;4;29/10/2012 18:15;Strada Urbana;VIA PIAN DI SCO;all'intersezione con;VIA CASOLE D'ELSA;VIA CASOLE D'ELSA;;;Scontro frontale/laterale DX fra veicoli in marcia;Incrocio;Una carreggiata a doppio senso;Asciutto;Asfaltata;Verticale ed orizzontale;Nuvoloso;Normale;Sufficiente;Sufficiente;0;0;0;2;;;-1;1;Autovettura privata;In marcia / fermata / arresto;Conducente;M;Illeso;0;;Non accertato;Inesploso
1926180;4;29/10/2012 18:15;Strada Urbana;VIA PIAN DI SCO;all'intersezione con;VIA CASOLE D'ELSA;VIA CASOLE D'ELSA;;;Scontro frontale/laterale DX fra veicoli in marcia;Incrocio;Una carreggiata a doppio senso;Asciutto;Asfaltata;Verticale ed orizzontale;Nuvoloso;Normale;Sufficiente;Sufficiente;0;0;0;2;;;-1;2;Ciclomotore;In marcia / fermata / arresto;Conducente;M;Illeso;0;;Non accertato;Inesistente
1926182;1;31/10/2012 20:30;Strada Urbana;VIA CARLO ALBERTO;in prossimità;;del civico n. ;10/A;;Veicolo in marcia contro ostacolo accidentale;Rettilineo;Una carreggiata a doppio senso;Bagnato (pioggia);Asfaltata;Verticale ed orizzontale;Pioggia in atto;Normale;Sufficiente;Sufficiente;0;0;0;3;;;-1;1;Autovettura privata;In marcia / fermata / arresto;Conducente;M;Illeso;0;;Non accertato;Inesistente
1926182;1;31/10/2012 20:30;Strada Urbana;VIA CARLO ALBERTO;in prossimità;;del civico n. ;10/A;;Veicolo in marcia contro ostacolo accidentale;Rettilineo;Una carreggiata a doppio senso;Bagnato (pioggia);Asfaltata;Verticale ed orizzontale;Pioggia in atto;Normale;Sufficiente;Sufficiente;0;0;0;3;;;-1;1;Autovettura privata;In marcia / fermata / arresto;Passeggero;F;Illeso;0;;Non accertato;Inesistente
1926182;1;31/10/2012 20:30;Strada Urbana;VIA CARLO ALBERTO;in prossimità;;del civico n. ;10/A;;Veicolo in marcia contro ostacolo accidentale;Rettilineo;Una carreggiata a doppio senso;Bagnato (pioggia);Asfaltata;Verticale ed orizzontale;Pioggia in atto;Normale;Sufficiente;Sufficiente;0;0;0;3;;;-1;1;Autovettura privata;In marcia / fermata / arresto;Passeggero;F;Illeso;0;;Non accertato;Inesistente
1926203;4;30/10/2012 09:15;Strada Urbana;VIA DI SETTEBAGNI;in prossimità;;del civico n. ;375;;Scontro laterale fra veicoli in marcia;Rotatoria;Due carreggiate;Asciutto;Asfaltata;Verticale ed orizzontale;Sereno;Normale;Buona;Ore Diurne;0;0;0;2;;;-1;1;Autocarro inferiore 35 q.;In marcia / fermata / arresto;Conducente;M;Illeso;0;;Non accertato;Inesistente
1926203;4;30/10/2012 09:15;Strada Urbana;VIA DI SETTEBAGNI;in prossimità;;del civico n. ;375;;Scontro laterale fra veicoli in marcia;Rotatoria;Due carreggiate;Asciutto;Asfaltata;Verticale ed orizzontale;Sereno;Normale;Buona;Ore Diurne;0;0;0;2;;;-1;2;Autovettura privata;In marcia / fermata / arresto;Conducente;M;Illeso;0;;Non accertato;Inesistente
1926207;4;30/10/2012 14:15;Strada Urbana;VIA DELLE VIGNE NUOVE;in corrispondenza;;del civico n. ;551/B;;Scontro laterale fra veicoli in marcia;Rettilineo;Due carreggiate;Asciutto;Asfaltata;Verticale ed orizzontale;Sereno;Normale;Buona;Ore Diurne;2;0;0;1;;;-1;1;Autobus urbano;In marcia / fermata / arresto;Conducente;M;Illeso;0;;Non accertato;Inesistente
1926207;4;30/10/2012 14:15;Strada Urbana;VIA DELLE VIGNE NUOVE;in corrispondenza;;del civico n. ;551/B;;Scontro laterale fra veicoli in marcia;Rettilineo;Due carreggiate;Asciutto;Asfaltata;Verticale ed orizzontale;Sereno;Normale;Buona;Ore Diurne;2;0;0;1;;;-1;2;Autovettura privata;In marcia / fermata / arresto;Conducente;M;Rifiuta cure immediate;0;NON DECEDUTO;Non accertato;Inesistente
1926207;4;30/10/2012 14:15;Strada Urbana;VIA DELLE VIGNE NUOVE;in corrispondenza;;del civico n. ;551/B;;Scontro laterale fra veicoli in marcia;Rettilineo;Due carreggiate;Asciutto;Asfaltata;Verticale ed orizzontale;Sereno;Normale;Buona;Ore Diurne;2;0;0;1;;;-1;2;Autovettura privata;In marcia / fermata / arresto;Passeggero;M;Rifiuta cure immediate;0;NON DECEDUTO;Non accertato;Inesistente
1926209;4;30/10/2012 17:15;Statale;VIA SALARIA;all'intersezione con;VIA DI VALLE RICCA;VIA DI VALLE RICCA;;;Scontro frontale/laterale DX fra veicoli in marcia;Incrocio;Una carreggiata a doppio senso;Asciutto;Asfaltata;Verticale ed orizzontale;Sereno;Intenso;Buona;Ore Diurne;1;0;0;1;;;-1;1;Autovettura privata;In marcia / fermata / arresto;Conducente;M;Rifiuta cure immediate;0;NON DECEDUTO;Non accertato;Inesistente
1926209;4;30/10/2012 17:15;Statale;VIA SALARIA;all'intersezione con;VIA DI VALLE RICCA;VIA DI VALLE RICCA;;;Scontro frontale/laterale DX fra veicoli in marcia;Incrocio;Una carreggiata a doppio senso;Asciutto;Asfaltata;Verticale ed orizzontale;Sereno;Intenso;Buona;Ore Diurne;1;0;0;1;;;-1;2;Autovettura privata;In marcia / fermata / arresto;Conducente;F;Illeso;0;;Non accertato;Esploso
1926211;16;24/10/2012 11:30;Strada Urbana;VIALE DI TRASTEVERE;all'intersezione semaforizzata con;CIRCONVALLAZIONE GIANICOLENSE;CIRCONVALLAZIONE GIANICOLENSE;;;Tamponamento Multiplo;Incrocio;Più di due carreggiate;Asciutto;Asfaltata;Verticale ed orizzontale;Sereno;Intenso;Buona;Ore Diurne;0;0;0;3;;;-1;1;Autovettura privata;In marcia / fermata / arresto;Conducente;F;Illeso;0;;Non accertato;Inesploso
1926211;16;24/10/2012 11:30;Strada Urbana;VIALE DI TRASTEVERE;all'intersezione semaforizzata con;CIRCONVALLAZIONE GIANICOLENSE;CIRCONVALLAZIONE GIANICOLENSE;;;Tamponamento Multiplo;Incrocio;Più di due carreggiate;Asciutto;Asfaltata;Verticale ed orizzontale;Sereno;Intenso;Buona;Ore Diurne;0;0;0;3;;;-1;2;Autocarro inferiore 35 q.;In marcia / fermata / arresto;Conducente;M;Illeso;0;;Non accertato;Inesploso
1926211;16;24/10/2012 11:30;Strada Urbana;VIALE DI TRASTEVERE;all'intersezione semaforizzata con;CIRCONVALLAZIONE GIANICOLENSE;CIRCONVALLAZIONE GIANICOLENSE;;;Tamponamento Multiplo;Incrocio;Più di due carreggiate;Asciutto;Asfaltata;Verticale ed orizzontale;Sereno;Intenso;Buona;Ore Diurne;0;0;0;3;;;-1;3;Autovettura privata;In marcia / fermata / arresto;Conducente;F;Illeso;0;;Non accertato;Inesploso
1926217;4;30/10/2012 09:00;Strada Urbana;PIAZZA GIULIETTA MASINA;all'intersezione con;VIA ELSA DE' GIORGI;VIA ELSA DE' GIORGI;;;Scontro laterale fra veicoli in marcia;Rotatoria;Una carreggiata a senso unico di marcia;Asciutto;Asfaltata;Verticale ed orizzontale;Nuvoloso;Normale;Buona;Ore Diurne;0;0;0;3;;;-1;1;Autocarro inferiore 35 q.;In marcia / fermata / arresto;Conducente;M;Illeso;0;;Non accertato;Inesistente
1926217;4;30/10/2012 09:00;Strada Urbana;PIAZZA GIULIETTA MASINA;all'intersezione con;VIA ELSA DE' GIORGI;VIA ELSA DE' GIORGI;;;Scontro laterale fra veicoli in marcia;Rotatoria;Una carreggiata a senso unico di marcia;Asciutto;Asfaltata;Verticale ed orizzontale;Nuvoloso;Normale;Buona;Ore Diurne;0;0;0;3;;;-1;1;Autocarro inferiore 35 q.;In marcia / fermata / arresto;Passeggero;M;Illeso;0;;Non accertato;Inesistente
1926217;4;30/10/2012 09:00;Strada Urbana;PIAZZA GIULIETTA MASINA;all'intersezione con;VIA ELSA DE' GIORGI;VIA ELSA DE' GIORGI;;;Scontro laterale fra veicoli in marcia;Rotatoria;Una carreggiata a senso unico di marcia;Asciutto;Asfaltata;Verticale ed orizzontale;Nuvoloso;Normale;Buona;Ore Diurne;0;0;0;3;;;-1;2;Autovettura privata;In marcia / fermata / arresto;Conducente;M;Illeso;0;;Non accertato;Inesistente
1926218;4;30/10/2012 12:50;Strada Urbana;VIA DELLA BUFALOTTA;in corrispondenza;;del civico n. ;640;;Scontro frontale/laterale DX fra veicoli in marcia;Rettilineo;Una carreggiata a doppio senso;Asciutto;Asfaltata;Orizzontale;Sereno;Normale;Buona;Ore Diurne;0;0;0;2;;;-1;1;Autovettura privata;In marcia / fermata / arresto;Conducente;M;Illeso;0;;Non accertato;Inesistente
1926218;4;30/10/2012 12:50;Strada Urbana;VIA DELLA BUFALOTTA;in corrispondenza;;del civico n. ;640;;Scontro frontale/laterale DX fra veicoli in marcia;Rettilineo;Una carreggiata a doppio senso;Asciutto;Asfaltata;Orizzontale;Sereno;Normale;Buona;Ore Diurne;0;0;0;2;;;-1;2;Autovettura privata;In marcia / fermata / arresto;Conducente;M;Illeso;0;;Non accertato;Inesistente
1926280;4;30/10/2012 21:20;Strada Urbana;CORSO SEMPIONE;in corrispondenza;;del civico n. ;29;;Scontro laterale fra veicoli in marcia;Rettilineo;Una carreggiata a senso unico di marcia;Asciutto;Asfaltata;Assente;Nuvoloso;Normale;Sufficiente;Sufficiente;0;0;0;4;;;-1;1;Autobus urbano;In marcia / fermata / arresto;Conducente;M;Illeso;0;;Non accertato;Inesistente
1926280;4;30/10/2012 21:20;Strada Urbana;CORSO SEMPIONE;in corrispondenza;;del civico n. ;29;;Scontro laterale fra veicoli in marcia;Rettilineo;Una carreggiata a senso unico di marcia;Asciutto;Asfaltata;Assente;Nuvoloso;Normale;Sufficiente;Sufficiente;0;0;0;4;;;-1;2;Autovettura privata;In marcia / fermata / arresto;Conducente;M;Illeso;0;;Non accertato;Inesistente
1926280;4;30/10/2012 21:20;Strada Urbana;CORSO SEMPIONE;in corrispondenza;;del civico n. ;29;;Scontro laterale fra veicoli in marcia;Rettilineo;Una carreggiata a senso unico di marcia;Asciutto;Asfaltata;Assente;Nuvoloso;Normale;Sufficiente;Sufficiente;0;0;0;4;;;-1;2;Autovettura privata;In marcia / fermata / arresto;Passeggero;F;Illeso;0;;Non accertato;Inesistente
1926280;4;30/10/2012 21:20;Strada Urbana;CORSO SEMPIONE;in corrispondenza;;del civico n. ;29;;Scontro laterale fra veicoli in marcia;Rettilineo;Una carreggiata a senso unico di marcia;Asciutto;Asfaltata;Assente;Nuvoloso;Normale;Sufficiente;Sufficiente;0;0;0;4;;;-1;2;Autovettura privata;In marcia / fermata / arresto;Passeggero;M;Illeso;0;;Non accertato;Inesistente
1926283;4;30/10/2012 09:00;Strada Urbana;VIA UMBERTO FRACCHIA;in prossimità;;del civico n. ;45;;Tamponamento;Rettilineo;Due carreggiate;Asciutto;Asfaltata;Verticale ed orizzontale;Sereno;Scarso;Buona;Ore Diurne;0;0;0;2;;;-1;1;Autovettura privata;In marcia / fermata / arresto;Conducente;M;Illeso;0;;Non accertato;Inesistente
1926283;4;30/10/2012 09:00;Strada Urbana;VIA UMBERTO FRACCHIA;in prossimità;;del civico n. ;45;;Tamponamento;Rettilineo;Due carreggiate;Asciutto;Asfaltata;Verticale ed orizzontale;Sereno;Scarso;Buona;Ore Diurne;0;0;0;2;;;-1;2;Autovettura privata;In marcia / fermata / arresto;Conducente;F;Illeso;0;;Non accertato;Inesistente
1926286;4;31/10/2012 06:40;Statale entro l'abitato;VIA SALARIA;in prossimità;;del civico n. ;729;;Scontro laterale fra veicoli in marcia;Rettilineo;Due carreggiate;Bagnato (pioggia);Asfaltata;Orizzontale;Pioggia in atto;Intenso;Buona;Ore Diurne;0;0;0;4;;;-1;1;Autovettura privata;In marcia / fermata / arresto;Conducente;M;Illeso;0;;Non accertato;Inesistente
1926286;4;31/10/2012 06:40;Statale entro l'abitato;VIA SALARIA;in prossimità;;del civico n. ;729;;Scontro laterale fra veicoli in marcia;Rettilineo;Due carreggiate;Bagnato (pioggia);Asfaltata;Orizzontale;Pioggia in atto;Intenso;Buona;Ore Diurne;0;0;0;4;;;-1;1;Autovettura privata;In marcia / fermata / arresto;Passeggero;F;Illeso;0;;Non accertato;Inesistente
1926286;4;31/10/2012 06:40;Statale entro l'abitato;VIA SALARIA;in prossimità;;del civico n. ;729;;Scontro laterale fra veicoli in marcia;Rettilineo;Due carreggiate;Bagnato (pioggia);Asfaltata;Orizzontale;Pioggia in atto;Intenso;Buona;Ore Diurne;0;0;0;4;;;-1;2;Autovettura pubblica;In marcia / fermata / arresto;Conducente;M;Illeso;0;;Non accertato;Inesistente
1926286;4;31/10/2012 06:40;Statale entro l'abitato;VIA SALARIA;in prossimità;;del civico n. ;729;;Scontro laterale fra veicoli in marcia;Rettilineo;Due carreggiate;Bagnato (pioggia);Asfaltata;Orizzontale;Pioggia in atto;Intenso;Buona;Ore Diurne;0;0;0;4;;;-1;3;Autocarro inferiore 35 q.;In marcia / fermata / arresto;Conducente;M;Illeso;0;;Non accertato;Inesistente
1926296;1;07/10/2012 17:05;Strada Urbana;VIA VITTORIO VENETO;in prossimità;;del civico n. ;155;;Investimento di pedone;Rettilineo;Una carreggiata a doppio senso;Bagnato (pioggia);Asfaltata;Verticale ed orizzontale;Pioggia in atto;Normale;Sufficiente;Sufficiente;1;0;0;1;;;-1;;;;Pedone;M;Rifiuta cure immediate;0;NON DECEDUTO;;
1926296;1;07/10/2012 17:05;Strada Urbana;VIA VITTORIO VENETO;in prossimità;;del civico n. ;155;;Investimento di pedone;Rettilineo;Una carreggiata a doppio senso;Bagnato (pioggia);Asfaltata;Verticale ed orizzontale;Pioggia in atto;Normale;Sufficiente;Sufficiente;1;0;0;1;;;-1;1;Motociclo a solo;Allontanatosi;Conducente;M;Illeso;0;;Non accertato;Inesistente
1926304;4;31/10/2012 06:50;Provinciale entro l'abitato;VIA NOMENTANA;in corrispondenza;;del civico n. ;1111;;Scontro frontale/laterale SX fra veicoli in marcia;Rettilineo;Una carreggiata a doppio senso;Bagnato (pioggia);Asfaltata;Orizzontale;Pioggia in atto;Normale;Buona;Ore Diurne;0;0;0;2;;;-1;1;Autopompa;In marcia / fermata / arresto;Conducente;M;Illeso;0;;Non accertato;Inesistente
1926304;4;31/10/2012 06:50;Provinciale entro l'abitato;VIA NOMENTANA;in corrispondenza;;del civico n. ;1111;;Scontro frontale/laterale SX fra veicoli in marcia;Rettilineo;Una carreggiata a doppio senso;Bagnato (pioggia);Asfaltata;Orizzontale;Pioggia in atto;Normale;Buona;Ore Diurne;0;0;0;2;;;-1;2;Autocarro inferiore 35 q.;In marcia / fermata / arresto;Conducente;M;Illeso;0;;Non accertato;Inesistente
1926331;4;31/10/2012 11:30;Strada Urbana;VIA S. MASSIMILIANO KOLBE;in prossimità;;del civico n. ;13;;Veicolo in marcia contro ostacolo accidentale;Rettilineo;Una carreggiata a doppio senso;Bagnato (pioggia);Asfaltata;Verticale;Pioggia in atto;Scarso;Buona;Ore Diurne;0;0;0;1;;;-1;1;Autovettura privata;In marcia / fermata / arresto;Conducente;M;Illeso;0;;Non accertato;Inesistente
1926332;4;31/10/2012 05:00;Strada Urbana;VIA DI CASAL BOCCONE;da specificare;;;;"500 mt prima di ""ALMAVIVA""";Fuoriuscita dalla sede stradale;Rettilineo;Una carreggiata a doppio senso;Bagnato (pioggia);Asfaltata;Verticale ed orizzontale;Pioggia in atto;Scarso;Insufficiente;Inesistente;1;0;0;0;;;-1;1;Autovettura privata;In marcia / fermata / arresto;Conducente;F;Rimandato;0;NON DECEDUTO;Non accertato;
1926334;4;31/10/2012 12:25;Strada Urbana;VIA FRANCO SACCHETTI;in prossimità;;del civico n. ;137;;Scontro frontale/laterale DX fra veicoli in marcia;Rettilineo;Una carreggiata a doppio senso;Bagnato (pioggia);Asfaltata;Verticale ed orizzontale;Pioggia in atto;Normale;Buona;Ore Diurne;0;0;0;3;;;-1;1;Autovettura privata;In marcia / fermata / arresto;Conducente;M;Illeso;0;;Non accertato;Inesploso
1926334;4;31/10/2012 12:25;Strada Urbana;VIA FRANCO SACCHETTI;in prossimità;;del civico n. ;137;;Scontro frontale/laterale DX fra veicoli in marcia;Rettilineo;Una carreggiata a doppio senso;Bagnato (pioggia);Asfaltata;Verticale ed orizzontale;Pioggia in atto;Normale;Buona;Ore Diurne;0;0;0;3;;;-1;1;Autovettura privata;In marcia / fermata / arresto;Passeggero;F;Illeso;0;;Non accertato;Inesploso
1926334;4;31/10/2012 12:25;Strada Urbana;VIA FRANCO SACCHETTI;in prossimità;;del civico n. ;137;;Scontro frontale/laterale DX fra veicoli in marcia;Rettilineo;Una carreggiata a doppio senso;Bagnato (pioggia);Asfaltata;Verticale ed orizzontale;Pioggia in atto;Normale;Buona;Ore Diurne;0;0;0;3;;;-1;2;Autovettura privata;In marcia / fermata / arresto;Conducente;M;Illeso;0;;Non accertato;Inesploso
1926335;4;31/10/2012 00:10;Strada Urbana;VIALE GOTTARDO;in corrispondenza;;del civico n. ;82/A;;Scontro laterale fra veicoli in marcia;Rettilineo;Una carreggiata a senso unico di marcia;Asciutto;Asfaltata;Orizzontale;Nuvoloso;Scarso;Buona;Sufficiente;1;0;0;2;;;-1;1;Autovettura privata;In marcia / fermata / arresto;Conducente;M;Illeso;0;;Non accertato;Inesploso
1926335;4;31/10/2012 00:10;Strada Urbana;VIALE GOTTARDO;in corrispondenza;;del civico n. ;82/A;;Scontro laterale fra veicoli in marcia;Rettilineo;Una carreggiata a senso unico di marcia;Asciutto;Asfaltata;Orizzontale;Nuvoloso;Scarso;Buona;Sufficiente;1;0;0;2;;;-1;1;Autovettura privata;In marcia / fermata / arresto;Passeggero;M;Illeso;0;;Non accertato;Inesploso
1926335;4;31/10/2012 00:10;Strada Urbana;VIALE GOTTARDO;in corrispondenza;;del civico n. ;82/A;;Scontro laterale fra veicoli in marcia;Rettilineo;Una carreggiata a senso unico di marcia;Asciutto;Asfaltata;Orizzontale;Nuvoloso;Scarso;Buona;Sufficiente;1;0;0;2;;;-1;2;Motociclo a solo;In marcia / fermata / arresto;Conducente;F;Rimandato;0;NON DECEDUTO;Non accertato;Inesistente
1926337;4;31/10/2012 21:30;Strada Urbana;VIA CONCA D'ORO;da specificare;;;;prossimità via VAL SENIO;Scontro laterale fra veicoli in marcia;Rettilineo;Una carreggiata a senso unico di marcia;Bagnato (pioggia);Asfaltata;Verticale ed orizzontale;Pioggia in atto;Normale;Sufficiente;Sufficiente;1;0;0;2;;;-1;1;Autovettura privata;In marcia / fermata / arresto;Conducente;F;Illeso;0;;Non accertato;Inesistente
1926337;4;31/10/2012 21:30;Strada Urbana;VIA CONCA D'ORO;da specificare;;;;prossimità via VAL SENIO;Scontro laterale fra veicoli in marcia;Rettilineo;Una carreggiata a senso unico di marcia;Bagnato (pioggia);Asfaltata;Verticale ed orizzontale;Pioggia in atto;Normale;Sufficiente;Sufficiente;1;0;0;2;;;-1;1;Autovettura privata;In marcia / fermata / arresto;Passeggero;F;Illeso;0;;Non accertato;Inesistente
1926337;4;31/10/2012 21:30;Strada Urbana;VIA CONCA D'ORO;da specificare;;;;prossimità via VAL SENIO;Scontro laterale fra veicoli in marcia;Rettilineo;Una carreggiata a senso unico di marcia;Bagnato (pioggia);Asfaltata;Verticale ed orizzontale;Pioggia in atto;Normale;Sufficiente;Sufficiente;1;0;0;2;;;-1;2;Autovettura privata;In marcia / fermata / arresto;Conducente;M;Rimandato;0;NON DECEDUTO;Non accertato;
1926413;8;31/10/2012 12:30;Strada Urbana;VIA ROCCALUMERA;all'intersezione con;VIA BORGHESIANA;VIA BORGHESIANA;;;Scontro frontale/laterale DX fra veicoli in marcia;Incrocio;Una carreggiata a doppio senso;Asciutto;Asfaltata;Verticale ed orizzontale;Nuvoloso;Normale;Buona;Ore Diurne;0;0;0;1;;;-1;1;Autovettura privata;In marcia / fermata / arresto;Conducente;M;Illeso;0;;Non accertato;Inesploso
1926416;4;31/10/2012 09:15;Strada Urbana;VIA CAVRIGLIA;in prossimità;;del civico n. ;8;;Infortunio per sola frenata improvvisa;Rettilineo;Una carreggiata a doppio senso;Bagnato (pioggia);Asfaltata;Orizzontale;Pioggia in atto;Intenso;Buona;Ore Diurne;1;0;0;0;;;-1;1;Motociclo a solo;In marcia / fermata / arresto;Conducente;M;Ricoverato;0;NON DECEDUTO;Non accertato;Inesistente
1926523;9;16/10/2012 18:20;Strada Urbana;VIA VOLTERRA;all'intersezione con;VIA FERMO;VIA FERMO;;;Scontro laterale fra veicoli in marcia;Incrocio;Una carreggiata a senso unico di marcia;Asciutto;Asfaltata;Assente;Sereno;Normale;Buona;Sufficiente;1;0;0;0;;;-1;2;Motociclo a solo;In marcia / fermata / arresto;Conducente;M;Rimandato;0;NON DECEDUTO;Non accertato;Inesistente
1926827;17;27/10/2012 03:45;Strada Urbana;VIA CESARE BATTISTI;all'intersezione con;VIA DEL MANCINO;VIA DEL MANCINO;;;Veicolo in marcia contro veicolo fermo;Incrocio;Una carreggiata a doppio senso;Bagnato (pioggia);Acciotolata;Verticale ed orizzontale;Pioggia in atto;Scarso;Buona;Sufficiente;0;0;0;1;;;-1;1;Autovettura privata;Allontanatosi;Conducente;M;Illeso;0;;Non accertato;Inesploso
1926945;1;31/10/2012 02:00;Strada Urbana;VIA DELLE TERME DI DIOCLEZIANO;da specificare;;;;.;Veicolo in marcia contro ostacolo accidentale;Rettilineo;Una carreggiata a senso unico di marcia;Asciutto;Acciotolata;Verticale ed orizzontale;Sereno;Scarso;Sufficiente;Sufficiente;0;0;0;1;;;-1;1;Autovettura pubblica;In marcia / fermata / arresto;Conducente;M;Illeso;0;;Non accertato;Inesistente
1930034;6;30/10/2012 11:13;Strada Urbana;Tangenziale Est;da specificare;;;;direzione via Tiburtina tra palo Acea 17 e 18;Veicolo in marcia contro ostacolo fisso;Rettilineo;Una carreggiata a senso unico di marcia;Asciutto;Asfaltata;Orizzontale;Sereno;Normale;Buona;Ore Diurne;1;0;0;0;;;-1;1;Motociclo a solo;In marcia / fermata / arresto;Conducente;M;Rimandato;0;NON DECEDUTO;Utilizzato;
1931063;5;25/10/2012 14:20;Strada Urbana;VIA GIOVANNI ZANARDINI;da specificare;;;;Altezza piazza vicarelli;Investimento di pedone;Rettilineo;Una carreggiata a doppio senso;Asciutto;Lastricata;Verticale ed orizzontale;Nuvoloso;Scarso;Buona;Ore Diurne;1;0;0;1;;;-1;;;;Pedone;M;Rimandato;0;NON DECEDUTO;;
1931063;5;25/10/2012 14:20;Strada Urbana;VIA GIOVANNI ZANARDINI;da specificare;;;;Altezza piazza vicarelli;Investimento di pedone;Rettilineo;Una carreggiata a doppio senso;Asciutto;Lastricata;Verticale ed orizzontale;Nuvoloso;Scarso;Buona;Ore Diurne;1;0;0;1;;;-1;1;Autovettura privata;In marcia / fermata / arresto;Conducente;M;Illeso;0;;Non accertato;Inesistente
1937704;4;17/10/2012 19:45;Comunale extraurbana;VIA DI VALLE RICCA;da specificare;;;;.;Ribaltamento senza urto contro ostacolo fisso;Rettilineo;Una carreggiata a doppio senso;Asciutto;Asfaltata;Verticale ed orizzontale;Sereno;Scarso;Insufficiente;Insufficiente;1;0;0;0;;;-1;1;Autovettura privata;In marcia / fermata / arresto;Conducente;M;Rimandato;0;NON DECEDUTO;Non accertato;Inesploso